{
    "00021_CYCLEGAN_Brain_MRI_T1_T2": {
        "execution": {
            "package_name": "medigan_folder",
            "package_link": "/workspace/medigan_folder",
            "model_name": "netG_T1toT2_checkpoint",
            "extension": ".pth.tar",
            "image_size": [
                "224",
                "192"
            ],
            "dependencies": [
                "matplotlib",
                "Pillow",
                "torch",
                "torchvision"
            ],
            "generate_method": {
                "name": "generate",
                "args": {
                    "base": [
                        "model_file",
                        "num_samples",
                        "output_path",
                        "save_images"
                    ],
                    "custom": {
                        "input_path": "models/00021_CYCLEGAN_Brain_MRI_T1_T2/inputs/T1",
                        "gpu_id": "0",
                        "translate_all_images": false,
                        "T1_to_T2": true
                    }
                }
            }
        },
        "selection": {
            "performance": {
                "SSIM": null,
                "MSE": null,
                "NSME": null,
                "PSNR": null,
                "IS": null,
                "FID": null,
                "turing_test": "",
                "downstream_task": {
                    "CLF": {
                        "trained_on_fake": {
                            "accuracy": null,
                            "precision": null,
                            "recall": null,
                            "f1": null,
                            "specificity": null,
                            "AUROC": null,
                            "AUPRC": null
                        },
                        "trained_on_real_and_fake": {},
                        "trained_on_real": {}
                    },
                    "SEG": {
                        "trained_on_fake": {
                            "dice": null,
                            "jaccard": null,
                            "accuracy": null,
                            "precision": null,
                            "recall": null,
                            "f1": null
                        },
                        "trained_on_real_and_fake": {},
                        "trained_on_real": {}
                    }
                }
            },
            "use_cases": [
                "segmentation"
            ],
            "organ": [
                "Brain"
            ],
            "modality": [
                "T1",
                "T2"
            ],
            "vendors": [],
            "centres": [],
            "function": [],
            "condition": [],
            "dataset": [
                "CrossMoDA",
                "2021"
            ],
            "augmentations": [
                "HorizontalFlip",
                "Rotation"
            ],
            "generates": [
                "Brain",
                "2D",
                "MRI"
            ],
            "height": 224.0,
            "width": 192.0,
            "depth": null,
            "type": "CycleGAN",
            "license": null,
            "dataset_type": "public",
            "privacy_preservation": null,
            "tags": [
                "Domain Adaptation",
                "Brain MRI",
                "Vestibular Schwanomma",
                "Segmentation"
            ],
            "year": 2021
        },
        "description": {
            "title": "CycleGAN Brain MRI T1-T2 translation (trained on CrossMoDA 2021 dataset)",
            "provided_date": "2022",
            "trained_date": "2021",
            "provided_after_epoch": 65,
            "version": "1",
            "publication": "workshop paper",
            "doi": [
                "10.1007/978-3-031-09002-8_47"
            ],
            "comment": "See paper"
        }
    }
}